Workbook

Sheet Wave Metrics
A1: Wave metrics and expansion gate
A2: SAMPLE DATA - illustrative only. Replace blue cells with your own telemetry and survey results.
A4: Wave | B4: Population | C4: Licensed devs | D4: Active (28d) | E4: Suggestions shown | F4: Suggestions accepted | G4: Satisfaction (1-5) | H4: Trust (1-5) | I4: Change failure rate | J4: Revert rate | K4: Activation | L4: Acceptance rate | M4: Gates passed (of 5) | N4: Decision
A5: Wave 0 | B5: Platform + security pilot | C5: 25 | D5: 23 | E5: 18200 | F5: 5600 | G5: 4.4 | H5: 3.9 | I5: 0.115 | J5: 0.038 | K5: =IF(C5=0,0,D5/C5) -> 0.92 | L5: =IF(E5=0,0,F5/E5) -> 0.30769231 | M5: =IF(D5=0,0,(K5>=Settings!$B$5)+(G5>=Settings!$B$6)+(H5>=Settings!$B$7)+(I5<=Settings!$B$10*(1+Settings!$B$8))+(J5<=Settings!$B$11*(1+Settings!$B$9))) -> 5 | N5: =IF(D5=0,"NOT STARTED",IF(M5=5,"EXPAND",IF(M5>=3,"HOLD - FIX GAPS","STOP AND REVIEW"))) -> EXPAND
A6: Wave 1 | B6: Pilot teams + champions | C6: 80 | D6: 58 | E6: 52000 | F6: 14700 | G6: 4.2 | H6: 3.7 | I6: 0.121 | J6: 0.041 | K6: =IF(C6=0,0,D6/C6) -> 0.725 | L6: =IF(E6=0,0,F6/E6) -> 0.28269231 | M6: =IF(D6=0,0,(K6>=Settings!$B$5)+(G6>=Settings!$B$6)+(H6>=Settings!$B$7)+(I6<=Settings!$B$10*(1+Settings!$B$8))+(J6<=Settings!$B$11*(1+Settings!$B$9))) -> 5 | N6: =IF(D6=0,"NOT STARTED",IF(M6=5,"EXPAND",IF(M6>=3,"HOLD - FIX GAPS","STOP AND REVIEW"))) -> EXPAND
A7: Wave 2 | B7: ~40% of engineering | C7: 160 | D7: 104 | E7: 96000 | F7: 24000 | G7: 3.9 | H7: 3.5 | I7: 0.128 | J7: 0.043 | K7: =IF(C7=0,0,D7/C7) -> 0.65 | L7: =IF(E7=0,0,F7/E7) -> 0.25 | M7: =IF(D7=0,0,(K7>=Settings!$B$5)+(G7>=Settings!$B$6)+(H7>=Settings!$B$7)+(I7<=Settings!$B$10*(1+Settings!$B$8))+(J7<=Settings!$B$11*(1+Settings!$B$9))) -> 4 | N7: =IF(D7=0,"NOT STARTED",IF(M7=5,"EXPAND",IF(M7>=3,"HOLD - FIX GAPS","STOP AND REVIEW"))) -> HOLD - FIX GAPS
A8: Wave 3 | B8: Remaining engineering | C8: 135 | D8: 0 | E8: 0 | F8: 0 | G8: 0 | H8: 0 | I8: 0 | J8: 0 | K8: =IF(C8=0,0,D8/C8) -> 0 | L8: =IF(E8=0,0,F8/E8) -> 0 | M8: =IF(D8=0,0,(K8>=Settings!$B$5)+(G8>=Settings!$B$6)+(H8>=Settings!$B$7)+(I8<=Settings!$B$10*(1+Settings!$B$8))+(J8<=Settings!$B$11*(1+Settings!$B$9))) -> 0 | N8: =IF(D8=0,"NOT STARTED",IF(M8=5,"EXPAND",IF(M8>=3,"HOLD - FIX GAPS","STOP AND REVIEW"))) -> NOT STARTED
A9: Total | C9: =SUM(C5:C8) -> 400 | D9: =SUM(D5:D8) -> 185 | E9: =SUM(E5:E8) -> 166200 | F9: =SUM(F5:F8) -> 44300 | K9: =IF(C9=0,0,D9/C9) -> 0.4625 | L9: =IF(E9=0,0,F9/E9) -> 0.26654633

Sheet Champions
A1: Champion network
A2: SAMPLE DATA. Coverage check flags waves with too few champions.
A4: Champion | B4: Team | C4: Wave | D4: Hours / week | E4: Sessions held | F4: Issues raised | G4: Cohort NPS
A5: Champion A | B5: Payments | C5: 1 | D5: 4 | E5: 6 | F5: 9 | G5: 42
A6: Champion B | B6: Platform | C6: 1 | D6: 4 | E6: 8 | F6: 14 | G6: 55
A7: Champion C | B7: Mobile | C7: 1 | D7: 3 | E7: 5 | F7: 6 | G7: 31
A8: Champion G | B8: Security | C8: 1 | D8: 2 | E8: 3 | F8: 4 | G8: 38
A9: Champion D | B9: Data | C9: 2 | D9: 4 | E9: 4 | F9: 7 | G9: 28
A10: Champion E | B10: Web | C10: 2 | D10: 3 | E10: 5 | F10: 5 | G10: 36
A11: Champion F | B11: Identity | C11: 2 | D11: 4 | E11: 3 | F11: 8 | G11: 22
A13: Wave | B13: Developers | C13: Champions | D13: Devs per champion | E13: Coverage
A14: 1 | B14: =INDEX('Wave Metrics'!$C$5:$C$8,A14+1) -> 80 | C14: =COUNTIF($C$5:$C$40,A14) -> 4 | D14: =IF(C14=0,"NO CHAMPIONS",B14/C14) -> 20 | E14: =IF(C14=0,"GAP",IF(D14<=Settings!$B$12,"OK","ADD CHAMPIONS")) -> OK
A15: 2 | B15: =INDEX('Wave Metrics'!$C$5:$C$8,A15+1) -> 160 | C15: =COUNTIF($C$5:$C$40,A15) -> 3 | D15: =IF(C15=0,"NO CHAMPIONS",B15/C15) -> 53.333333 | E15: =IF(C15=0,"GAP",IF(D15<=Settings!$B$12,"OK","ADD CHAMPIONS")) -> ADD CHAMPIONS

Sheet Impact
A1: Impact model: difference-in-differences and value range
A2: SAMPLE DATA. Treated = AI users, control = matched teams that waited. Use a delivery metric where LOWER is better (e.g., PR cycle time, hours).
A4: Metric (lower is better) | B4: Treated pre | C4: Treated post | D4: Control pre | E4: Control post | F4: Treated change | G4: Control change | H4: Effect (DiD) | I4: Effect %
A5: PR cycle time (hours) | B5: 30 | C5: 21 | D5: 29 | E5: 27.5 | F5: =C5-B5 -> -9 | G5: =E5-D5 -> -1.5 | H5: =F5-G5 -> -7.5 | I5: =H5/B5 -> -0.25
A8: Value model (haircut self-reports; report as a range)
A9: Input | B9: Low | C9: Base | D9: High
A10: Developers on tool | B10: 300 | C10: 300 | D10: 300
A11: Hours saved per dev per week (survey-calibrated) | B11: 1 | C11: 2 | D11: 3
A12: Haircut on self-reported hours | B12: 0.5 | C12: 0.35 | D12: 0.2
A13: Working weeks per year | B13: 46 | C13: 46 | D13: 46
A14: Loaded cost per hour ($) | B14: 95 | C14: 95 | D14: 95
A15: Annual tool + infra cost ($) | B15: 180000 | C15: 180000 | D15: 180000
A16: Net annual value ($) | B16: =B10*B11*(1-B12)*B13*B14-B15 -> 475500 | C16: =C10*C11*(1-C12)*C13*C14-C15 -> 1524300 | D16: =D10*D11*(1-D12)*D13*D14-D15 -> 2966400
A17: ROI (value / cost) | B17: =IF(B15=0,0,B16/B15) -> 2.6416667 | C17: =IF(C15=0,0,C16/C15) -> 8.4683333 | D17: =IF(D15=0,0,D16/D15) -> 16.48
A19: Note: productivity gains in one metric can coexist with stability losses elsewhere. Keep the change-failure and revert guardrails on the Wave Metrics sheet.

Sheet Settings
A1: Gate thresholds (defaults - calibrate after Wave 0)
A2: Blue = input you can change. A wave expands only if every gate passes.
A4: Gate | B4: Value | C4: Meaning
A5: Min activation (28-day active / licensed) | B5: 0.6 | C5: Share of licensed developers who used the tool in the last 28 days
A6: Min satisfaction (1-5 survey) | B6: 4 | C6: Average developer satisfaction
A7: Min trust (1-5 survey) | B7: 3.5 | C7: Trust in AI output
A8: Max change-failure-rate increase vs baseline | B8: 0.1 | C8: Relative increase allowed vs pre-rollout baseline
A9: Max revert-rate increase vs baseline | B9: 0.1 | C9: Relative increase allowed vs pre-rollout baseline
A10: Baseline change failure rate | B10: 0.12 | C10: Measured before rollout (DORA)
A11: Baseline revert rate | B11: 0.04 | C11: Measured before rollout
A12: Max developers per champion | B12: 25 | C12: Champion coverage guardrail (default 15-25)
